{"model_nr":38,"checkpoint":1340,"wer":0.1382504094,"cer":0.0408406691,"split":"dev","epoch":1.6}
{"model_nr":38,"checkpoint":1340,"wer":0.1056369041,"cer":0.0289227126,"split":"test","epoch":1.6}
{"model_nr":38,"checkpoint":2680,"wer":0.1218162309,"cer":0.0366116933,"split":"dev","epoch":3.2}
{"model_nr":38,"checkpoint":2680,"wer":0.08537928,"cer":0.0249244972,"split":"test","epoch":3.2}
{"model_nr":38,"checkpoint":4020,"wer":0.1118201841,"cer":0.0348865866,"split":"dev","epoch":4.8}
{"model_nr":38,"checkpoint":4020,"wer":0.0812506881,"cer":0.0245898826,"split":"test","epoch":4.8}
{"model_nr":38,"checkpoint":5360,"wer":0.1046478794,"cer":0.0335163589,"split":"dev","epoch":6.4}
{"model_nr":38,"checkpoint":5360,"wer":0.0761312342,"cer":0.0234401812,"split":"test","epoch":6.4}
{"model_nr":38,"checkpoint":6700,"wer":0.1023324109,"cer":0.0323235709,"split":"dev","epoch":8.0}
{"model_nr":38,"checkpoint":6700,"wer":0.0739843664,"cer":0.0232171048,"split":"test","epoch":8.0}
{"model_nr":40,"checkpoint":1340,"wer":0.1100129892,"cer":0.0340782508,"split":"dev","epoch":1.6}
{"model_nr":40,"checkpoint":1340,"wer":0.0815259276,"cer":0.0242381083,"split":"test","epoch":1.6}
{"model_nr":40,"checkpoint":2680,"wer":0.095216581,"cer":0.0304604556,"split":"dev","epoch":3.2}
{"model_nr":40,"checkpoint":2680,"wer":0.0701860619,"cer":0.0220759833,"split":"test","epoch":3.2}
{"model_nr":40,"checkpoint":4020,"wer":0.0932399616,"cer":0.0314363731,"split":"dev","epoch":4.8}
{"model_nr":40,"checkpoint":4020,"wer":0.0700759661,"cer":0.0223505388,"split":"test","epoch":4.8}
{"model_nr":40,"checkpoint":5360,"wer":0.0927881629,"cer":0.0311504983,"split":"dev","epoch":6.4}
{"model_nr":40,"checkpoint":5360,"wer":0.0666079489,"cer":0.0221875214,"split":"test","epoch":6.4}
{"model_nr":40,"checkpoint":6700,"wer":0.0920539899,"cer":0.0311012095,"split":"dev","epoch":8.0}
{"model_nr":40,"checkpoint":6700,"wer":0.0678740504,"cer":0.0222475805,"split":"test","epoch":8.0}